[
  {
    "id": "miami",
    "title": "Miami, Florida",
    "image": "/images/location/miami.png"
  },
  {
    "id": "hampton", 
    "title": "The Hampton, New York",
    "image": "/images/location/02.png"
  },
  {
    "id": "nassau",
    "title": "Nassau, Bahamas",
    "image": "/images/location/03.png"
  },
  {
    "id": "amalfi",
    "title": "Amalfi Coast, Italy",
    "image": "/images/location/04.png"
  },
  {
    "id": "mykonos",
    "title": "Mykonos, Greece",
    "image": "/images/location/05.png"
  },
  {
    "id": "newport",
    "title": "Newport Beach, California",
    "image": "/images/location/06.png"
  },
  {
    "id": "maine",
    "title": "Maine, USA",
    "image": "/images/location/07.png"
  },
  {
    "id": "kotor",
    "title": "Kotor, Montenegro",
    "image": "/images/location/08.png"
  },
  {
    "id": "montauk",
    "title": "Montauk, New York",
    "image": "/images/location/09.png"
  },
  {
    "id": "cancun",
    "title": "Cancun, Mexico",
    "image": "/images/location/10.png"
  },
  {
    "id": "abu-dhabi",
    "title": "Abu Dhabi, UAE",
    "image": "/images/location/11.png"
  },
  {
    "id": "dubai",
    "title": "Dubai, UAE",
    "image": "/images/location/12.png"
  },
  {
    "id": "marbella",
    "title": "Marbella, Spain",
    "image": "/images/location/13.png"
  },
  {
    "id": "barcelona",
    "title": "Barcelona, Spain",
    "image": "/images/location/14.png"
  },
  {
    "id": "puerto-rico",
    "title": "Puerto Rico, Caribbean",
    "image": "/images/location/15.png"
  }
]